{
    "width": 640,
    "height": 480,
    "fx": 392.8469543457031,
    "fy": 392.608642578125,
    "ppx": 325.4449157714844,
    "ppy": 240.61062622070312,
    "depth_scale": 9.999999747378752e-05
}