{
    "width": 640,
    "height": 480,
    "fx": 606.5530395507812,
    "fy": 605.9963989257812,
    "ppx": 330.15460205078125,
    "ppy": 242.18157958984375,
    "depth_scale": 0.0010000000474974513
}